<?xml version="1.0" encoding="UTF-8"?>
<actions>
        <action>
            <actionName>run</actionName>
            <packagings>
                <packaging>jar</packaging>
            </packagings>
            <goals>
                <goal>process-classes</goal>
                <goal>org.codehaus.mojo:exec-maven-plugin:1.5.0:exec</goal>
            </goals>
            <properties>
                <exec.args>C:\Users\Joel\Documents\NetBeansProjects\kafkaConsumer2\src\main\java\br\com\thcs\kafkaconsumer2\KafkaConsumerExample.java -classpath %classpath C:\Users\Joel\Documents\NetBeansProjects\kafkaConsumer2\src\main\java\br\com\thcs\kafkaconsumer2\KafkaConsumerExample.java</exec.args>
                <exec.executable>java</exec.executable>
                <exec.workingdir>C:\Users\Joel\Documents\NetBeansProjects\kafkaConsumer2</exec.workingdir>
            </properties>
        </action>
        <action>
            <actionName>debug</actionName>
            <packagings>
                <packaging>jar</packaging>
            </packagings>
            <goals>
                <goal>process-classes</goal>
                <goal>org.codehaus.mojo:exec-maven-plugin:1.5.0:exec</goal>
            </goals>
            <properties>
                <exec.args>-agentlib:jdwp=transport=dt_socket,server=n,address=${jpda.address} C:\Users\Joel\Documents\NetBeansProjects\kafkaConsumer2\src\main\java\br\com\thcs\kafkaconsumer2\KafkaConsumerExample.java -classpath %classpath C:\Users\Joel\Documents\NetBeansProjects\kafkaConsumer2\src\main\java\br\com\thcs\kafkaconsumer2\KafkaConsumerExample.java</exec.args>
                <exec.executable>java</exec.executable>
                <jpda.listen>true</jpda.listen>
                <exec.workingdir>C:\Users\Joel\Documents\NetBeansProjects\kafkaConsumer2</exec.workingdir>
            </properties>
        </action>
        <action>
            <actionName>profile</actionName>
            <packagings>
                <packaging>jar</packaging>
            </packagings>
            <goals>
                <goal>process-classes</goal>
                <goal>org.codehaus.mojo:exec-maven-plugin:1.5.0:exec</goal>
            </goals>
            <properties>
                <exec.args>C:\Users\Joel\Documents\NetBeansProjects\kafkaConsumer2\src\main\java\br\com\thcs\kafkaconsumer2\KafkaConsumerExample.java -classpath %classpath C:\Users\Joel\Documents\NetBeansProjects\kafkaConsumer2\src\main\java\br\com\thcs\kafkaconsumer2\KafkaConsumerExample.java</exec.args>
                <exec.executable>java</exec.executable>
                <exec.workingdir>C:\Users\Joel\Documents\NetBeansProjects\kafkaConsumer2</exec.workingdir>
            </properties>
        </action>
    </actions>
